{"2004 [YR2004]": {"count": 36.0, "mean": 2885.1098192066383, "std": 13119.153915674984, "min": -1.28043294, "25%": 0.0, "50%": 8.0899086735, "75%": 38.7098150075, "max": 74129.0}, "2005 [YR2005]": {"count": 36.0, "mean": 2675.8732107488336, "std": 11626.023762074934, "min": -1.013880491, "25%": 0.0, "50%": 6.7217153105, "75%": 31.948958332500002, "max": 62505.0}, "2006 [YR2006]": {"count": 36.0, "mean": 2960.41797789314, "std": 12742.444250130326, "min": -1.065184236, "25%": 0.13424221425, "50%": 8.437440367, "75%": 43.30810166, "max": 67411.0}, "2007 [YR2007]": {"count": 36.0, "mean": 3262.5047438729725, "std": 14032.668138403522, "min": -1.154295802, "25%": 0.0, "50%": 3.216799741, "75%": 33.71, "max": 73907.0}, "2008 [YR2008]": {"count": 36.0, "mean": 3751.911056070416, "std": 16211.501710790686, "min": -1.109707355, "25%": 0.0, "50%": 2.1335296535, "75%": 34.1075, "max": 85953.0}, "2009 [YR2009]": {"count": 36.0, "mean": 3717.532898193639, "std": 15715.559565527003, "min": -1.651050372, "25%": 0.0, "50%": 8.122444416, "75%": 34.8525, "max": 79203.0}, "2010 [YR2010]": {"count": 36.0, "mean": 3137.2161577781667, "std": 13034.423492384667, "min": -1.2779845, "25%": 0.0, "50%": 6.82, "75%": 35.74, "max": 60555.03}, "2011 [YR2011]": {"count": 36.0, "mean": 4484.580384751028, "std": 18714.468873232814, "min": -1.32679534, "25%": 0.0169155525, "50%": 9.612087155000001, "75%": 39.694674965000004, "max": 88460.0}, "2012 [YR2012]": {"count": 36.0, "mean": 4830.797844060501, "std": 20172.721698158137, "min": -1.289309859, "25%": 0.0, "50%": 3.495, "75%": 36.0625, "max": 95069.0}, "2013 [YR2013]": {"count": 36.0, "mean": 4577.066494829972, "std": 19002.208167522993, "min": -1.229174137, "25%": 0.0, "50%": 6.1930532005, "75%": 36.845, "max": 82779.36}, "2014 [YR2014]": {"count": 36.0, "mean": 6433.996676016887, "std": 27366.25912049367, "min": -0.99791199, "25%": 0.0, "50%": 5.54, "75%": 36.582174965, "max": 139138.0}, "2015 [YR2015]": {"count": 36.0, "mean": 5960.103695191527, "std": 24963.506045271108, "min": -0.954773545, "25%": 0.0, "50%": 3.2256617435, "75%": 20.2805561525, "max": 116308.0}, "2016 [YR2016]": {"count": 36.0, "mean": 7861.581525000554, "std": 33813.45534326553, "min": -0.960426509, "25%": 0.0, "50%": 2.559610002, "75%": 20.7529563375, "max": 175362.0}, "2017 [YR2017]": {"count": 36.0, "mean": 8399.17932693036, "std": 36252.30775600996, "min": -0.774099052, "25%": 0.0, "50%": 1.1854783555, "75%": 16.1622980475, "max": 189421.0}, "2018 [YR2018]": {"count": 36.0, "mean": 7227.751287262026, "std": 30174.81929239268, "min": -1.168407401, "25%": 0.0, "50%": 0.584019558, "75%": 15.8477567025, "max": 132233.0}, "2019 [YR2019]": {"count": 36.0, "mean": 6976.800602944722, "std": 29134.747177198526, "min": -0.796840608, "25%": 0.0, "50%": 1.753735635, "75%": 17.2939795725, "max": 129549.92}, "2020 [YR2020]": {"count": 36.0, "mean": 7982.733050106305, "std": 33353.54508064606, "min": -5.831053221, "25%": 0.0, "50%": 0.5729870305, "75%": 17.9925570675, "max": 149212.62}, "2021 [YR2021]": {"count": 36.0, "mean": 3696.18268290753, "std": 22123.179340393403, "min": -0.691997945, "25%": 0.0, "50%": 0.0, "75%": 7.04756947725, "max": 132748.0}, "2022 [YR2022]": {"count": 36.0, "mean": 4.518772232500001, "std": 15.559351058220864, "min": -0.568608165, "25%": 0.0, "50%": 0.0, "75%": 0.01272645225, "max": 76.32277679}, "2023 [YR2023]": {"count": 36.0, "mean": 0.12966666666666668, "std": 0.778, "min": 0.0, "25%": 0.0, "50%": 0.0, "75%": 0.0, "max": 4.668}}